-- phpMyAdmin SQL Dump
-- version 5.2.1
-- https://www.phpmyadmin.net/
--
-- Host: 127.0.0.1:4306
-- Generation Time: Mar 24, 2024 at 03:21 PM
-- Server version: 10.4.32-MariaDB
-- PHP Version: 8.2.12

SET SQL_MODE = "NO_AUTO_VALUE_ON_ZERO";
START TRANSACTION;
SET time_zone = "+00:00";


/*!40101 SET @OLD_CHARACTER_SET_CLIENT=@@CHARACTER_SET_CLIENT */;
/*!40101 SET @OLD_CHARACTER_SET_RESULTS=@@CHARACTER_SET_RESULTS */;
/*!40101 SET @OLD_COLLATION_CONNECTION=@@COLLATION_CONNECTION */;
/*!40101 SET NAMES utf8mb4 */;

--
-- Database: `college_project`
--

DELIMITER $$
--
-- Procedures
--
CREATE DEFINER=`root`@`localhost` PROCEDURE `GetStudentInformation` (IN `student_id` INT)   BEGIN
    SELECT rank, sname,preregion,coname,catid
    FROM Student
    WHERE sid = student_id;
END$$

DELIMITER ;

-- --------------------------------------------------------

--
-- Table structure for table `category`
--

CREATE TABLE `category` (
  `catid` int(15) NOT NULL,
  `catname` char(20) NOT NULL
) ENGINE=InnoDB DEFAULT CHARSET=utf8mb4 COLLATE=utf8mb4_general_ci;

--
-- Dumping data for table `category`
--

INSERT INTO `category` (`catid`, `catname`) VALUES
(11, 'GM'),
(22, 'OBC'),
(33, 'SC/ST');

-- --------------------------------------------------------

--
-- Table structure for table `college`
--

CREATE TABLE `college` (
  `cid` varchar(15) NOT NULL,
  `cname` char(250) DEFAULT NULL,
  `cloc` varchar(30) DEFAULT NULL,
  `region` char(15) DEFAULT NULL,
  `chyperlink` varchar(500) NOT NULL
) ENGINE=InnoDB DEFAULT CHARSET=utf8mb4 COLLATE=utf8mb4_general_ci;

--
-- Dumping data for table `college`
--

INSERT INTO `college` (`cid`, `cname`, `cloc`, `region`, `chyperlink`) VALUES
('E001', 'University of Visvesvaraya College of Engineering', 'Bengaluru', 'BENGALURU', 'https://uvce.ac.in/'),
('E002', 'S K S J T Institute of Engineering.', 'Bengaluru', 'BENGALURU', 'https://gec.karnataka.gov.in/sksjti/public/en'),
('E003', 'B M S College of Engineering Basavanagudi', 'Bengaluru', 'BENGALURU', 'https://www.bmsce.ac.in/'),
('E004', 'Dr. Ambedkar Institute Of Technology', 'Bengaluru', 'BENGALURU', 'https://drait.edu.in/'),
('E005', 'R. V. College of Engineering', 'Bengaluru', 'BENGALURU', 'https://www.rvce.edu.in/'),
('E006', 'M S Ramaiah Institute of Technology', 'Bengaluru', 'BENGALURU', 'https://www.msrit.edu/'),
('E007', 'Dayananda Sagar College of Engineering', 'Bengaluru', 'BENGALURU', 'https://www.dsce.edu.in/'),
('E008', 'Bangalore Institute of Technology', 'Bengaluru', 'BENGALURU', 'https://bit-bangalore.edu.in/'),
('E011', 'M V J College of Engineering', 'Bengaluru', 'BENGALURU', 'https://mvjce.edu.in/'),
('E012', 'Sir M.Visveswaraya Institute of Technology\r\n', 'Hunasemaranahalli', 'BENGALURU', 'https://www.sirmvit.edu/'),
('E013', 'Ghousia Engineering College', 'Ramanagara', 'BENGALURU', 'http://www.ghousiaedu.org/'),
('E014', ' S J C Institute of Technology', 'Chickballapur', 'BENGALURU', 'https://sjcit.ac.in/'),
('E015', 'Dr.T.Thimmaiah Institute of Technology', 'BANGARAPET -TQ kolar District', 'BENGALURU', 'http://drttit.gvet.edu.in/'),
('E016', 'Siddaganga Institute of Technology', 'Tumkur', 'BENGALURU', 'http://www.sit.ac.in/'),
('E017', 'Sri Siddartha Institute of Technology', 'Tumkur', 'BENGALURU', 'http://www.ssit.edu.in/'),
('E018', 'Kalpatharu Institute of Technology', 'Tiptur', 'BENGALURU', 'http://kittiptur.ac.in/'),
('E021', 'Sri Jayachamarajendra College of Engineering(Const. of JSS Univ.)', 'Mysuru', 'MYSURU', 'https://sjce.ac.in/'),
('E022', 'The National Institute of Engineering(SOUTH CAMPUS)', 'Mysuru', 'MYSURU', 'https://nie.ac.in/south-campus-home/'),
('E023', 'P E S College of Engineering', 'Mandya', 'MYSURU', 'https://pescemandya.org/'),
('E024', ' Malnad College of Engineering', 'Hasan', 'MYSURU', 'https://www.mcehassan.ac.in/'),
('E028', 'Tontadarya College of Engineering', 'Gadag', 'BELGAVI', 'https://www.tce.ac.in/'),
('E029', 'Maratha Mandal Engineering College', 'Belgaum', 'BELGAVI', 'http://mmec.edu.in/'),
('E031', 'Basaveshwara Engineering College', 'Bagalkot', 'BELGAVI', 'http://www.becbgk.edu/'),
('E032', 'R.T.E Socity`s Rural Engineering College', 'Hulkoti,Gadag', 'BELGAVI', 'http://www.rechulkoti.edu.in/'),
('E033', 'Sri Taralabalu Jagadguru Institute of Technology', 'Ranebennur', 'BELGAVI', 'http://www.stjit.ac.in/'),
('E034', 'Sri Dharmasthala Manjunatheswara College of Engineering', 'Dharwad', 'BELGAVI', 'https://sdmcet.ac.in/'),
('E035 ', 'Anjuman Engineering College Bhatkala', ' Uttar kannada Dist', 'BELGAVI', 'https://www.aitm.edu.in/'),
('E036 ', 'KLE Technological University(Formerly KLE Dr.MS Sheshagiri Col.)', 'Belgaum', 'BELGAVI', 'https://www.klescet.ac.in/'),
('E037', ' K.L.S. Gogte Institute of Technology', 'Belgaum', 'BELGAVI', 'https://git.edu/'),
('E038', 'B L D E As V.P. Dr. P. G. Hallakatti College of Engg. and Tech.', 'Vijayapur', 'BELGAVI', 'https://www.bldeacet.ac.in/'),
('E040', 'Hira Sugar Institute of Technology', 'Belagavi', 'BELGAVI', 'https://hsit.ac.in/'),
('E041', 'P D A College of Engineering \r\n', 'Gulbarga', 'KALBURGI', 'https://pdacek.ac.in/'),
('E042', 'Khaja Banda Nawaz University \r\n', 'Kalburgi', 'KALBURGI', 'https://www.kbn.university/'),
('E043', 'Gurunanak Dev Engineering College', 'Bidar', 'KALBURGI', 'https://www.gndecb.ac.in/'),
('E044', 'Bheemanna Khandre Institute of Technology \r\n', 'Bhalki', 'KALBURGI', 'https://www.recbhalki.org/'),
('E045', 'Rao Bahadur Y.Mahabaleswarappa Engineering College', 'Bellari', 'KALBURGI', 'https://www.rymec.in/'),
('E046', 'H K Es S L N College of Engineering', 'Raichur', 'KALBURGI', 'http://slnceraichur.com/'),
('E054', 'K V G College of Engineering', 'Sullia,D.K District', 'MYSURU', 'http://www.kvgengg.com/'),
('E055', 'P A College of Engineering', 'Bantwal, Mangalore', 'MYSURU', 'https://www.pace.edu.in/'),
('E057', 'JSS Science and Technology University(Formerly SJCE)', 'Mysuru', 'MYSURU', 'https://jssstuniv.in/#/'),
('E059', 'P D A College of Engineering', 'Gulbarga', 'KALBURGI', 'https://pdacek.ac.in/'),
('E060', 'Dr. Ambedkar Institute Of Technology Jnanabharathi Campus', 'Bangalore', 'BENGALURU', 'https://drait.edu.in/'),
('E061', 'University B.D.T. college of Engineering \r\n', 'Davangere', 'BELGAVI', 'https://www.ubdtce.org/'),
('E062', 'Bapuji Institute of Engineering and Technology', 'Davangere', 'BELGAVI', 'https://www.bietdvg.edu/'),
('E063', 'SJM Institute of Techonology', 'Chitradurga', 'BENGALURU', 'https://sjmit.ac.in/'),
('E064', 'Adhichunchanagiri Institute of Technology', 'Chickmagalur', 'MYSURU', 'https://aitckm.edu.in/'),
('E065', 'Jawaharlal Nehru National College of Engineering', 'Shimoga', 'MYSURU', 'https://jnnce.ac.in/jnndemo/'),
('E070', 'Bahubali College of Engineering\r\n', 'Hassan Dist', 'MYSURU', 'https://bce.org.in/'),
('E071', 'Vidya Vardhaka College of Engineering', 'Mysuru', 'MYSURU', 'https://vvce.ac.in/'),
('E075', 'Ballari Institute of Technology and Management', 'Near Allipur Bellary', 'BELGAVI', 'https://bitm.edu.in/'),
('E077', 'Vidya Vikas Institute of Engineering and Technology', 'Mysuru', 'MYSURU', 'https://vidyavikasengineering.com/'),
('E093', 'Basavakalyana Engineering College Basavakalyana, Bidar-Dist', 'Bidar-Dist', 'KALBURGI', 'https://www.betbkec.com/'),
('E119', 'K C T Engineering College Roza(B)', 'Gulbarga', 'KALBURGI', ''),
('E132', 'Secab Institute of Engineering and Technology', 'Bijapur', 'KALBURGI', 'https://siet.secab.org/'),
('E133', 'G S S S Institute of Engineering and Technology for Women', 'Mysore', 'MYSURU', 'https://geethashishu.in/'),
('E134', 'Smt. Kamala and Sri Venkappa M.Agadi College of Engg. and Tech.', ' Laxmeshwara-Tq, Gadag Dt.', 'BELGAVI', 'https://www.agadiengcollege.com/'),
('E149', 'Cambridge Institutute of Technology', 'Bangalore', 'BENGALURU', 'https://www.cambridge.edu.in/'),
('E150', 'P E S Institute of Technology and Management', 'Shivamogga', 'MYSURU', 'https://pestrust.edu.in/pesitm/'),
('E151', 'Mangalore Institute of Technology and Engineering', 'Mangalore Tq,D.K', 'MYSURU', 'https://mite.ac.in/'),
('E152', 'S D M Institute of Tech.', 'Dakshina Kannada', 'MYSURU', 'https://sdmit.in/'),
('E158', 'Maharaja Institute of Technology-Mysore Belawadi', 'Mandya Dist', 'MYSURU', 'https://mitmysore.in/'),
('E161', 'Government Engineering College Kushalnagar', ',Kodagu Dist', 'MYSURU', 'https://gec.karnataka.gov.in/geckushalnagar/public/en'),
('E162', 'Government Engineering College', 'Raichur', 'KALBURGI', 'https://gec.karnataka.gov.in/gecraichur/public/en'),
('E163', 'Government Engineering College Devagiri', 'Haveri', 'BELGAVI', 'https://gec.karnataka.gov.in/gechaveri/public/10/gec-haveri/en'),
('E164', 'Government Engineering College Huvina Hadagali', 'Bellary Dist.', 'KALBURGI', 'https://gec.karnataka.gov.in/gechuvinahadagali/public/en'),
('E166', 'K L E Institute of Technology', 'Hubli', 'BELGAVI', 'https://kleit.ac.in/'),
('E167', 'K L E Ss K L E College of Engineering and Technology', 'Chikkodi, Belgaum Dist', 'BELGAVI', 'https://klecet.edu.in/'),
('E168', 'Amrutha Institute of Engineering and Mangement', 'Bidadi Indust. Estate,Ban\'lore', 'BENGALURU', 'https://www.aiems.in/'),
('E175', 'S.G.Balekundri Institute of Technology', 'Belgaum', 'BELGAVI', 'http://sgbit.edu.in/'),
('E176', 'Navodaya Institute of Technology', 'Raichur', 'KALBURGI', 'https://engineering.navodaya.edu.in/'),
('E177', 'Rajeev Institute of Technology', 'Hassan', 'MYSURU', 'https://rithassan.ac.in/'),
('E178', 'The National Institute of Engineering(NORTH CAMPUS) Mysore', 'Mysore', 'MYSURU', 'https://nie.ac.in/north-campus-home/'),
('E185', 'Angadi Institute of Technology and Management', 'Belgaum', 'BELGAVI', ''),
('E205', 'ATME College of Engineering Varun hobli', 'Mysore', 'MYSURU', 'https://atme.in/'),
('E210', 'G Madegowda Institute of Technology Maddur Taluk', ' Mandya DIS', 'MYSURU', 'https://gmitmandya.in/aboutgmit.html'),
('E212', 'Dayananda Sagar Academy of Technology Kanakapur Main Road', 'Bangalore', 'BENGALURU', 'https://dsatm.edu.in/'),
('E213', 'Lingarajappa Engineering College', 'Bidar', 'KALBURGI', 'https://www.lingaraj-appaec.in/'),
('E216', 'Shetty Institute of Technology', 'Gulbarga', 'KALBURGI', 'https://sitgulbarga.org/'),
('E238', 'Mysuru Royal Institute of Technology Mandya (D)', 'mandya', 'MYSURU', 'https://mysururoyal.org/'),
('E239', 'East West College of Engineering Yelahanka New Town', 'Bangalore', 'BENGALURU', 'https://www.ewce.edu.in/'),
('E258', 'Maharaja Institute of Technology THANDAVAPURA', 'MYSORE', 'MYSURU', 'http://mitt.edu.in/'),
('E272', 'Government Engineering College Talakal\r\n', 'Koppal', 'KALBURGI', 'https://gec.karnataka.gov.in/gectalakal/public/en'),
('E273', 'Government Engineering College Viprasainagar', 'Gangavathi', 'KALBURGI', 'https://gec.karnataka.gov.in/gecgangavathi/public/en');

-- --------------------------------------------------------

--
-- Table structure for table `course`
--

CREATE TABLE `course` (
  `XYZ` int(11) NOT NULL,
  `coname` char(30) DEFAULT NULL,
  `cocutoff` varchar(20) NOT NULL,
  `catid` int(15) NOT NULL,
  `cid` varchar(15) NOT NULL
) ENGINE=InnoDB DEFAULT CHARSET=utf8mb4 COLLATE=utf8mb4_general_ci;

--
-- Dumping data for table `course`
--

INSERT INTO `course` (`XYZ`, `coname`, `cocutoff`, `catid`, `cid`) VALUES
(1, 'CE Civil', '101907', 11, 'E002'),
(2, 'EC Electronics', '104709', 33, 'E023'),
(3, 'CE Civil', '105256', 22, 'E001'),
(4, 'CE Civil', '105733', 33, 'E001'),
(5, 'CE Civil', '106598', 22, 'E021'),
(6, 'EC Electronics', '10960', 11, 'E001'),
(7, 'CE Civil', '110030', 22, 'E002'),
(8, 'EC Electronics', '11701', 11, 'E021'),
(9, 'CS Computers', '12625', 22, 'E021'),
(10, 'EE Electrical', '126626', 22, 'E023'),
(11, 'CS Computers', '12912', 11, 'E002'),
(12, 'CE Civil', '145114', 33, 'E002'),
(13, 'CE Civil', '145427', 11, 'E023'),
(14, 'CS Computers', '16273', 33, 'E021'),
(15, 'EC Electronics', '16374', 22, 'E021'),
(16, 'CS Computers', '18219', 22, 'E002'),
(17, 'CE Civil', '189707', 22, 'E023'),
(18, 'CE Civil', '196542', 33, 'E023'),
(19, 'EC Electronics', '19840', 22, 'E001'),
(20, 'CE Civil', '202525', 33, 'E021'),
(21, 'CS Computers', '20958', 33, 'E001'),
(22, 'EC Electronics', '27152', 11, 'E023'),
(23, 'EC Electronics', '29803', 11, 'E002'),
(24, 'EC Electronics', '37113', 33, 'E021'),
(25, 'CS Computers', '3783', 11, 'E021'),
(26, 'CS Computers', '38255', 33, 'E002'),
(27, 'EC Electronics', '38914', 22, 'E002'),
(28, 'EE Electrical', '42177', 11, 'E023'),
(29, 'CS Computers', '4590', 11, 'E001'),
(30, 'EC Electronics', '46591', 33, 'E001'),
(31, 'EC Electronics', '59290', 22, 'E023'),
(32, 'CE Civil', '68346', 11, 'E001'),
(33, 'CS Computers', '7296', 22, 'E001'),
(34, 'EC Electronics', '81627', 33, 'E002'),
(35, 'CE Civil', '89192', 11, 'E021'),
(36, 'EE Electrical', '97876', 33, 'E023'),
(37, 'CE Civil', '38205', 22, 'E005'),
(38, 'CE Civil', '30465', 11, 'E005'),
(39, 'CE Civil', '65095', 33, 'E005'),
(40, 'CS Computers', '3436', 22, 'E005'),
(41, 'CS Computers', '1451', 11, 'E005'),
(42, 'CS Computers', '11447', 33, 'E005'),
(43, 'EC Electronics', '10543 ', 22, 'E005'),
(44, 'EC Electronics', '4743', 11, 'E005'),
(45, 'EC Electronics', '24848', 33, 'E005'),
(46, 'EE Electrical', '34415', 22, 'E005'),
(47, 'EE Electrical', '14314 ', 11, 'E005'),
(48, 'EE Electrical', '80801', 33, 'E005'),
(49, 'CE Civil', '63075', 22, 'E006'),
(50, 'CE Civil', '49416', 11, 'E006'),
(51, 'CE Civil', '112674', 33, 'E006'),
(52, 'CS Computers', '3061', 22, 'E006'),
(53, 'CS Computers', '2022', 11, 'E006'),
(54, 'CS Computers', '23343', 33, 'E006'),
(55, 'EC Electronics', '8904  ', 22, 'E006'),
(56, 'EC Electronics', '5865', 11, 'E006'),
(57, 'EC Electronics', '45013', 33, 'E006'),
(58, 'EE Electrical', '23722', 22, 'E006'),
(59, 'EE Electrical', '12357', 11, 'E006'),
(60, 'EE Electrical', '86282', 33, 'E006'),
(61, 'CE Civil', '199680', 22, 'E007'),
(62, 'CE Civil', '98317', 11, 'E007'),
(63, 'CE Civil', '188102', 33, 'E007'),
(64, 'CS Computers', '13326', 22, 'E007'),
(65, 'CS Computers', '6701', 11, 'E007'),
(66, 'CS Computers', '32849', 33, 'E006'),
(67, 'EC Electronics', '20662', 22, 'E007'),
(68, 'EC Electronics', '16470', 11, 'E007'),
(69, 'EC Electronics', '73204', 33, 'E007'),
(70, 'EE Electrical', '46683', 22, 'E007'),
(71, 'EE Electrical', '32564', 11, 'E007'),
(72, 'EE Electrical', ' 121669', 33, 'E007'),
(73, 'CE Civil', '136529', 22, 'E008'),
(74, 'CE Civil', '102103', 11, 'E008'),
(75, 'CE Civil', '196103', 33, 'E008'),
(76, 'CS Computers', '10040', 22, 'E008'),
(77, 'CS Computers', '6587', 11, 'E008'),
(78, 'CS Computers', '34475', 33, 'E008'),
(79, 'EC Electronics', '21277', 22, 'E008'),
(80, 'EC Electronics', '16913', 11, 'E008'),
(81, 'EC Electronics', '80769', 33, 'E008'),
(82, 'EE Electrical', '66602', 22, 'E008'),
(83, 'EE Electrical', '34921', 11, 'E008'),
(84, 'EE Electrical', ' 132952', 33, 'E008'),
(85, 'CE Civil', '128230', 22, 'E011'),
(86, 'CE Civil', '143494', 11, 'E011'),
(87, 'CE Civil', '182640', 33, 'E011'),
(88, 'CS Computers', '23906', 22, 'E011'),
(89, 'CS Computers', '20072', 11, 'E011'),
(90, 'CS Computers', '60132', 33, 'E011'),
(91, 'EC Electronics', '44649', 22, 'E011'),
(92, 'EC Electronics', '35185', 11, 'E011'),
(93, 'EC Electronics', '180959', 33, 'E011'),
(94, 'EE Electrical', '80046', 22, 'E011'),
(95, 'EE Electrical', '59343', 11, 'E011'),
(96, 'EE Electrical', ' 136100', 33, 'E011'),
(97, 'CE Civil', '136529', 22, 'E012'),
(98, 'CE Civil', '131375', 11, 'E012'),
(99, 'CE Civil', '169944', 33, 'E012'),
(100, 'CS Computers', '12274', 22, 'E012'),
(101, 'CS Computers', '10166', 11, 'E012'),
(102, 'CS Computers', '39494', 33, 'E012'),
(103, 'EC Electronics', '24821', 22, 'E012'),
(104, 'EC Electronics', '22817', 11, 'E012'),
(105, 'EC Electronics', '87717', 33, 'E012'),
(106, 'EE Electrical', '91260', 22, 'E012'),
(107, 'EE Electrical', '53096', 11, 'E012'),
(108, 'EE Electrical', ' 128693', 33, 'E012'),
(109, 'CE Civil', '--', 22, 'E013'),
(110, 'CE Civil', '202278', 11, 'E013'),
(111, 'CE Civil', '--', 33, 'E013'),
(112, 'CS Computers', '85891', 22, 'E013'),
(113, 'CS Computers', '69957', 11, 'E013'),
(114, 'CS Computers', '154259', 33, 'E013'),
(115, 'EC Electronics', '90546', 22, 'E013'),
(116, 'EC Electronics', '81456', 11, 'E013'),
(117, 'EC Electronics', '184544', 33, 'E013'),
(118, 'EE Electrical', '137387', 22, 'E013'),
(119, 'EE Electrical', '116096', 11, 'E013'),
(120, 'EE Electrical', ' 188158', 33, 'E013'),
(121, 'CE Civil', '188773', 22, 'E014'),
(122, 'CE Civil', '201778', 11, 'E014'),
(123, 'CE Civil', '162943', 33, 'E014'),
(124, 'CS Computers', '35551', 22, 'E014'),
(125, 'CS Computers', '32835', 11, 'E014'),
(126, 'CS Computers', '75839', 33, 'E014'),
(127, 'EC Electronics', '77361', 22, 'E014'),
(128, 'EC Electronics', '67970', 11, 'E014'),
(129, 'EC Electronics', '143047', 33, 'E014'),
(130, 'CE Civil', '--', 22, 'E015'),
(131, 'CE Civil', '196375', 11, 'E015'),
(132, 'CE Civil', '--', 33, 'E015'),
(133, 'CS Computers', '78009', 22, 'E015'),
(134, 'CS Computers', '66455', 11, 'E015'),
(135, 'CS Computers', '151949', 33, 'E015'),
(136, 'EC Electronics', '111770', 22, 'E015'),
(137, 'EC Electronics', '89095', 11, 'E015'),
(138, 'EC Electronics', '165545', 33, 'E015'),
(139, 'EE Electrical', '152557', 22, 'E015'),
(140, 'EE Electrical', '124686', 11, 'E015'),
(141, 'EE Electrical', ' 185973', 33, 'E015'),
(142, 'CE Civil', '149799', 22, 'E016'),
(143, 'CE Civil', '101142', 11, 'E016'),
(144, 'CE Civil', '148128', 33, 'E016'),
(145, 'CS Computers', '12796', 22, 'E016'),
(146, 'CS Computers', '8226', 11, 'E016'),
(147, 'CS Computers', '32300', 33, 'E008'),
(148, 'EC Electronics', '17417', 22, 'E016'),
(149, 'EC Electronics', '13543', 11, 'E016'),
(150, 'EC Electronics', '59909', 33, 'E016'),
(151, 'EE Electrical', '49332', 22, 'E016'),
(152, 'EE Electrical', '27563', 11, 'E016'),
(153, 'EE Electrical', ' 117212', 33, 'E016'),
(154, 'CE Civil', '163129', 22, 'E017'),
(155, 'CE Civil', '134619', 11, 'E017'),
(156, 'CE Civil', '160359', 33, 'E017'),
(157, 'CS Computers', '35154', 22, 'E017'),
(158, 'CS Computers', '30655', 11, 'E017'),
(159, 'CS Computers', '73360', 33, 'E017'),
(160, 'EC Electronics', '57704', 22, 'E017'),
(161, 'EC Electronics', '49753', 11, 'E017'),
(162, 'EC Electronics', '188588', 33, 'E017'),
(163, 'EE Electrical', '122756', 22, 'E017'),
(164, 'EE Electrical', '94990', 11, 'E017'),
(165, 'EE Electrical', ' 172435', 33, 'E017'),
(166, 'CE Civil', '--', 22, 'E018'),
(167, 'CE Civil', '203000', 11, 'E018'),
(168, 'CE Civil', '--', 33, 'E018'),
(169, 'CS Computers', '92942', 22, 'E018'),
(170, 'CS Computers', '55420', 11, 'E018'),
(171, 'CS Computers', '138493', 33, 'E018'),
(172, 'EC Electronics', '90239', 22, 'E018'),
(173, 'EC Electronics', '79079', 11, 'E018'),
(174, 'EC Electronics', '179402', 33, 'E018'),
(175, 'CE Civil', '138640', 22, 'E028'),
(176, 'CE Civil', '169872', 11, 'E028'),
(177, 'CE Civil', '197796', 33, 'E028'),
(178, 'CS Computers', '65188', 22, 'E028'),
(179, 'CS Computers', '51522', 11, 'E028'),
(180, 'CS Computers', '121238', 33, 'E028'),
(181, 'EC Electronics', '78088', 22, 'E028'),
(182, 'EC Electronics', '78088', 11, 'E028'),
(183, 'EC Electronics', '156828', 33, 'E028'),
(184, 'EE Electrical', '146568', 22, 'E028'),
(185, 'EE Electrical', '91943', 11, 'E028'),
(186, 'EE Electrical', ' 145000', 33, 'E028'),
(187, 'CS Computers', '68780', 22, 'E029'),
(188, 'CS Computers', '58429', 11, 'E029'),
(189, 'CS Computers', '124088', 33, 'E029'),
(190, 'EC Electronics', '98243', 22, 'E029'),
(191, 'EC Electronics', '73056', 11, 'E029'),
(192, 'EC Electronics', '197722', 33, 'E029'),
(193, 'CE Civil', '177658', 22, 'E031'),
(194, 'CE Civil', '122927', 11, 'E031'),
(195, 'CE Civil', '172422', 33, 'E031'),
(196, 'CS Computers', '21780', 22, 'E031'),
(197, 'CS Computers', '17391', 11, 'E031'),
(198, 'CS Computers', '57717', 33, 'E031'),
(199, 'EC Electronics', '52072', 22, 'E031'),
(200, 'EC Electronics', '25764', 11, 'E031'),
(201, 'EC Electronics', '86912', 33, 'E031'),
(202, 'EE Electrical', '127537', 22, 'E031'),
(203, 'EE Electrical', '54464', 11, 'E031'),
(204, 'EE Electrical', ' 176043', 33, 'E031'),
(205, 'CE Civil', '--', 22, 'E032'),
(206, 'CE Civil', '202768', 11, 'E032'),
(207, 'CE Civil', '--', 33, 'E032'),
(208, 'CS Computers', '71200', 22, 'E032'),
(209, 'CS Computers', '65432', 11, 'E032'),
(210, 'CS Computers', '116227', 33, 'E032'),
(211, 'EC Electronics', '99044', 22, 'E032'),
(212, 'EC Electronics', '83810', 11, 'E032'),
(213, 'EC Electronics', '191296', 33, 'E032'),
(214, 'CE Civil', '--', 22, 'E033'),
(215, 'CE Civil', '200309', 11, 'E033'),
(216, 'CE Civil', '--', 33, 'E033'),
(217, 'CS Computers', '73033', 22, 'E033'),
(218, 'CS Computers', '56636', 11, 'E033'),
(219, 'CS Computers', '116406', 33, 'E033'),
(220, 'EC Electronics', '92701', 22, 'E033'),
(221, 'EC Electronics', '80112', 11, 'E033'),
(222, 'EC Electronics', '153105', 33, 'E033'),
(223, 'EE Electrical', '157454', 22, 'E033'),
(224, 'EE Electrical', '105057', 11, 'E033'),
(225, 'EE Electrical', ' 187807', 33, 'E033'),
(226, 'CE Civil', '188539', 22, 'E034'),
(227, 'CE Civil', '126738', 11, 'E034'),
(228, 'CE Civil', '193509', 33, 'E034'),
(229, 'CS Computers', '13690', 22, 'E034'),
(230, 'CS Computers', '11339', 11, 'E034'),
(231, 'CS Computers', '45185', 33, 'E034'),
(232, 'EC Electronics', '23947', 22, 'E034'),
(233, 'EC Electronics', '19346', 11, 'E034'),
(234, 'EC Electronics', '133384', 33, 'E034'),
(235, 'EE Electrical', '183623', 22, 'E034'),
(236, 'EE Electrical', '29561', 11, 'E034'),
(237, 'EE Electrical', ' 200788', 33, 'E034'),
(238, 'CE Civil', '--', 22, 'E035'),
(239, 'CE Civil', '106792', 11, 'E035'),
(240, 'CE Civil', '--', 33, 'E035'),
(241, 'CS Computers', '92121', 22, 'E035'),
(242, 'CS Computers', '75546', 11, 'E035'),
(243, 'CS Computers', '167699', 33, 'E035'),
(244, 'EC Electronics', '108659', 22, 'E035'),
(245, 'EC Electronics', '103232', 11, 'E035'),
(246, 'EC Electronics', '198245', 33, 'E035'),
(247, 'EE Electrical', '121694', 22, 'E035'),
(248, 'EE Electrical', '153627', 11, 'E035'),
(249, 'EE Electrical', ' 166237', 33, 'E035'),
(250, 'CE Civil', '165542', 22, 'E036'),
(251, 'CE Civil', '188878', 11, 'E036'),
(252, 'CE Civil', '184132', 33, 'E036'),
(253, 'CS Computers', '20271', 22, 'E036'),
(254, 'CS Computers', '17310', 11, 'E036'),
(255, 'CS Computers', '72081', 33, 'E036'),
(256, 'EC Electronics', '28791', 22, 'E036'),
(257, 'EC Electronics', '23443', 11, 'E036'),
(258, 'EC Electronics', '150538', 33, 'E036'),
(259, 'EE Electrical', '68781', 22, 'E036'),
(260, 'EE Electrical', '48300', 11, 'E036'),
(261, 'EE Electrical', ' 174189', 33, 'E036'),
(262, 'CE Civil', '197896', 22, 'E037'),
(263, 'CE Civil', '140215', 11, 'E037'),
(264, 'CE Civil', '199223', 33, 'E037'),
(265, 'CS Computers', '16170', 22, 'E037'),
(266, 'CS Computers', '10484', 11, 'E037'),
(267, 'CS Computers', '50139', 33, 'E037'),
(268, 'EC Electronics', '36014', 22, 'E037'),
(269, 'EC Electronics', '21143', 11, 'E037'),
(270, 'EC Electronics', '112345', 33, 'E037'),
(271, 'EE Electrical', '80293', 22, 'E037'),
(272, 'EE Electrical', '39373', 11, 'E037'),
(273, 'EE Electrical', ' 131459', 33, 'E037'),
(274, 'CE Civil', '193499', 22, 'E038'),
(275, 'CE Civil', '117708', 11, 'E038'),
(276, 'CE Civil', '129605', 33, 'E038'),
(277, 'CS Computers', '38903', 22, 'E038'),
(278, 'CS Computers', '35234', 11, 'E038'),
(279, 'CS Computers', '73384', 33, 'E038'),
(280, 'EC Electronics', '52127', 22, 'E038'),
(281, 'EC Electronics', '42052', 11, 'E038'),
(282, 'EC Electronics', '182790', 33, 'E038'),
(283, 'EE Electrical', '194835', 22, 'E038'),
(284, 'EE Electrical', ' 82833', 11, 'E038'),
(285, 'EE Electrical', '191301', 33, 'E038'),
(286, 'CE Civil', '--', 22, 'E040'),
(287, 'CE Civil', '197525', 11, 'E040'),
(288, 'CE Civil', '--', 33, 'E040'),
(289, 'CS Computers', '56182', 22, 'E040'),
(290, 'EC Electronics', '82540', 22, 'E040'),
(291, 'EC Electronics', '60325', 11, 'E040'),
(292, 'EC Electronics', '193772', 33, 'E040'),
(293, 'EE Electrical', '102777', 11, 'E040'),
(294, 'EE Electrical', '201377', 33, 'E040'),
(295, 'CE Civil', '175151', 22, 'E024'),
(296, 'CE Civil', '128549', 11, 'E024'),
(297, 'CE Civil', '201304', 33, 'E024'),
(298, 'EC Electronics', '38732', 22, 'E024'),
(299, 'EC Electronics', '29125', 11, 'E024'),
(300, 'EC Electronics', '118910', 33, 'E024'),
(301, 'EE Electrical', '77291', 22, 'E024 '),
(302, 'EE Electrical', '51891', 11, 'E024'),
(303, 'EE Electrical', '152396', 33, 'E024'),
(304, ' CS Computers', '46628', 11, 'E040'),
(305, ' CS Computers', '129873', 33, 'E040'),
(306, ' EE Electrical', '194835', 22, 'E040'),
(307, 'IS Info. Science', '8475', 22, 'E001'),
(308, 'IS Info. Science', '7193', 11, 'E001'),
(309, 'IS Info. Science', '31745 ', 33, 'E001'),
(310, 'ME Mechanical', '138054', 22, 'E001'),
(311, 'ME Mechanical', '75314', 11, 'E001'),
(312, 'ME Mechanical', '198556', 33, 'E001'),
(313, 'CE Civil', '123364', 11, 'E041'),
(314, 'CE Civil', '187658', 22, 'E041'),
(315, 'CE Civil', '181271', 33, 'E041'),
(316, 'ME Mechanical', '202218', 11, 'E041'),
(317, 'ME Mechanical', '--', 22, 'E041'),
(318, 'ME Mechanical', '--', 33, 'E041'),
(319, 'EC Electronics', '47151', 11, 'E041'),
(320, 'EC Electronics', '93012', 22, 'E041'),
(321, 'EC Electronics', '114426', 33, 'E041'),
(322, 'EE Electrical', '76824', 11, 'E041'),
(323, 'EE Electrical', '78556', 22, 'E041'),
(324, 'EE Electrical', '202804', 33, 'E041'),
(325, 'CE Civil', '197836', 11, 'E042'),
(326, 'CE Civil', '--', 22, 'E042'),
(327, 'CE Civil', '--', 33, 'E042'),
(328, 'ME Mechanical', '191149', 11, 'E042'),
(329, 'ME Mechanical', '--', 22, 'E042'),
(330, 'ME Mechanical', '--', 33, 'E042'),
(331, 'EC Electronics', '93012 ', 11, 'E042'),
(332, 'EC Electronics', '132066', 22, 'E042'),
(333, 'EC Electronics', '195593', 33, 'E042'),
(334, 'CS Computers', '60534', 11, 'E042'),
(335, 'CS Computers', '77525', 22, 'E042'),
(336, 'CS Computers', '103614', 33, 'E042'),
(337, 'CE Civil', '155738', 11, 'E043'),
(338, 'CE Civil', '190211', 22, 'E043'),
(339, 'CE Civil', '157351', 33, 'E043'),
(340, 'ME Mechanical', '185030', 11, 'E043'),
(341, 'ME Mechanical', '--', 22, 'E043'),
(342, 'ME Mechanical', '--', 33, 'E043'),
(343, 'EC Electronics', '83545', 11, 'E043'),
(344, 'EC Electronics', '97326', 22, 'E043'),
(345, 'EC Electronics', '123485', 33, 'E043'),
(346, 'CS Computers', '43402', 11, 'E043'),
(347, 'CS Computers', '47945', 22, 'E043'),
(348, 'CS Computers', '97389', 33, 'E043'),
(349, 'IE Info.Science', '68720', 11, 'E043'),
(350, 'IE Info.Science', '90438', 22, 'E043'),
(351, 'IE Info.Science', '96326', 33, 'E043'),
(352, 'EE Electrical', '82472', 11, 'E043'),
(353, 'EE Electrical', '130911', 22, 'E043'),
(354, 'EE Electrical', '177996', 33, 'E043'),
(355, 'CE Civil', '201150', 11, 'E044'),
(356, 'CE Civil', '--', 22, 'E044'),
(357, 'CE Civil', '--', 33, 'E044'),
(358, 'ME Mechanical', '181747', 11, 'E044'),
(359, 'ME Mechanical', '--', 22, 'E044'),
(360, 'ME Mechanical', '--', 33, 'E044'),
(361, 'EC Electronics', '85921', 11, 'E044'),
(362, 'EC Electronics', '86550', 22, 'E044'),
(363, 'EC Electronics', '170881', 33, 'E044'),
(364, 'CS Computers', '47945', 11, 'E044'),
(365, 'CS Computers', '43402', 22, 'E044'),
(366, 'CS Computers', '97389', 33, 'E044'),
(367, 'CE Civil', '196777', 11, 'E045'),
(368, 'CE Civil', '--', 22, 'E045'),
(369, 'CE Civil', '--', 33, 'E045'),
(370, 'ME Mechanical', '150070', 11, 'E045'),
(371, 'ME Mechanical', '--', 22, 'E045'),
(372, 'ME Mechanical', '--', 33, 'E045'),
(373, 'EC Electronics', '91983', 11, 'E045'),
(374, 'EC Electronics', '84118', 22, 'E045'),
(375, 'EC Electronics', '160090', 33, 'E045'),
(376, 'CS Computers', '51232', 11, 'E045'),
(377, 'CS Computers', '56247', 22, 'E045'),
(378, 'CS Computers', '112182', 33, 'E045'),
(379, 'IE Info.Science', '72750', 11, 'E045'),
(380, 'IE Info.Science', '93157', 22, 'E045'),
(381, 'IE Info.Science', '153649', 33, 'E045'),
(382, 'CE Civil', '200968', 11, 'E046'),
(383, 'CE Civil', '--', 22, 'E046'),
(384, 'CE Civil', '--', 33, 'E046'),
(385, 'ME Mechanical', '--', 11, 'E046'),
(386, 'ME Mechanical', '--', 22, 'E046'),
(387, 'ME Mechanical', '--', 33, 'E046'),
(388, 'EC Electronics', '85363', 11, 'E046'),
(389, 'EC Electronics', '105900', 22, 'E046'),
(390, 'EC Electronics', '--', 33, 'E046'),
(391, 'CS Computers', '59916', 11, 'E046'),
(392, 'CS Computers', '74311', 22, 'E046'),
(393, 'CS Computers', '114727', 33, 'E046'),
(394, 'CE Civil', '198805', 11, 'E054'),
(395, 'CE Civil', '--', 22, 'E054'),
(396, 'CE Civil', '--', 33, 'E054'),
(397, 'ME Mechanical', '191030', 11, 'E054'),
(398, 'ME Mechanical', '--', 22, 'E054'),
(399, 'ME Mechanical', '--', 33, 'E054'),
(400, 'EC Electronics', '84187', 11, 'E054'),
(401, 'EC Electronics', '94884', 22, 'E054'),
(402, 'EC Electronics', '175330', 33, 'E054'),
(403, 'CS Computers', '57431', 11, 'E054'),
(404, 'CS Computers', '72737', 22, 'E054'),
(405, 'CS Computers', '139181', 33, 'E054'),
(406, 'CE Civil', '172688', 11, 'E055'),
(407, 'CE Civil', '--', 22, 'E055'),
(408, 'CE Civil', '--', 33, 'E055'),
(409, 'ME Mechanical', '182021', 11, 'E055'),
(410, 'ME Mechanical', '--', 22, 'E055'),
(411, 'ME Mechanical', '--', 33, 'E055'),
(412, 'EC Electronics', '86960', 11, 'E055'),
(413, 'EC Electronics', '123469', 22, 'E055'),
(414, 'EC Electronics', '194410', 33, 'E055'),
(415, 'CS Computers', '60114', 11, 'E055'),
(416, 'CS Computers', '75153', 22, 'E055'),
(417, 'CS Computers', '157338', 33, 'E055'),
(418, 'CE Civil', '108955', 11, 'E057'),
(419, 'CE Civil', '1559572', 22, 'E057'),
(420, 'CE Civil', '164334', 33, 'E057'),
(421, 'ME Mechanical', '72504', 11, 'E057'),
(422, 'ME Mechanical', '115635', 22, 'E057'),
(423, 'ME Mechanical', '143142', 33, 'E057'),
(424, 'EC Electronics', '9780', 11, 'E057'),
(425, 'EC Electronics', '32202', 22, 'E057'),
(426, 'EC Electronics', '61352', 33, 'E057'),
(427, 'CS Computers', '4666', 11, 'E057'),
(428, 'CS Computers', '9250', 22, 'E057'),
(429, 'CS Computers', '29926', 33, 'E057'),
(430, 'IE Info.Science', '7411', 11, 'E057'),
(431, 'IE Info.Science', '9850', 22, 'E057'),
(432, 'IE Info.Science', '76309', 33, 'E057'),
(433, 'CE Civil', '121791', 11, 'E060'),
(434, 'CE Civil', '125034', 22, 'E060'),
(435, 'CE Civil', '159170', 33, 'E060'),
(436, 'IE Info.Science', '16847', 11, 'E060'),
(437, 'IE Info.Science', '21637', 22, 'E060'),
(438, 'IE Info.Science', '41594', 33, 'E060'),
(439, 'EC Electronics', '23008', 11, 'E060'),
(440, 'EC Electronics', '63942', 22, 'E060'),
(441, 'EC Electronics', '68229', 33, 'E060'),
(442, 'CS Computers', '13926', 11, 'E060'),
(443, 'CS Computers', '20507', 22, 'E060'),
(444, 'CS Computers', '39681', 33, 'E060'),
(445, 'CE Civil', '103480', 11, 'E061'),
(446, 'CE Civil', '119805', 22, 'E061'),
(447, 'CE Civil', '126704', 33, 'E061'),
(448, 'EE Electrical', '56271', 11, 'E061'),
(449, 'EE Electrical', '121689', 22, 'E061'),
(450, 'EE Electrical', '119109', 33, 'E061'),
(451, 'ME Mechanical', '129122', 11, 'E061'),
(452, 'ME Mechanical', '148559', 22, 'E061'),
(453, 'ME Mechanical', '202134', 33, 'E061'),
(454, 'EC Electronics', '30241', 11, 'E061'),
(455, 'EC Electronics', '42392', 22, 'E061'),
(456, 'EC Electronics', '1059542', 33, 'E061'),
(457, 'CS Computers', '19047', 11, 'E061'),
(458, 'CS Computers', '54469', 22, 'E061'),
(459, 'CS Computers', '50828', 33, 'E061'),
(460, 'CE Civil', '117211', 11, 'E062'),
(461, 'CE Civil', '176120', 22, 'E062'),
(462, 'CE Civil', '178794', 33, 'E062'),
(463, 'CS Computers', '21984', 11, 'E062'),
(464, 'CS Computers', '28229', 22, 'E062'),
(465, 'CS Computers', '69888', 33, 'E062'),
(466, 'EC Electronics', '36122', 11, 'E062'),
(467, 'EC Electronics', '51498', 22, 'E062'),
(468, 'EC Electronics', '142833', 33, 'E062'),
(469, 'EE Electrical', '71714', 11, 'E062'),
(470, 'EE Electrical', '873101', 22, 'E062'),
(471, 'EE Electrical', '169717', 33, 'E062'),
(472, 'IE Info.Science', '35492', 11, 'E062'),
(473, 'IE Info.Science', '42858', 22, 'E062'),
(474, 'IE Info.Science', '128816', 33, 'E062'),
(475, 'ME Mechanical', '203232', 11, 'E062'),
(476, 'ME Mechanical', '--', 22, 'E062'),
(477, 'ME Mechanical', '--', 33, 'E062'),
(478, 'CE Civil', '202096', 11, 'E063'),
(479, 'CE Civil', '--', 22, 'E063'),
(480, 'CE Civil', '--', 33, 'E063'),
(481, 'EE Electrical', '120288', 11, 'E063'),
(482, 'EE Electrical', '156385', 22, 'E063'),
(483, 'EE Electrical', '164413', 33, 'E063'),
(484, 'EC Electronics', '90999', 11, 'E063'),
(485, 'EC Electronics', '110020', 22, 'E063'),
(486, 'EC Electronics', '173866', 33, 'E063'),
(487, 'CS Computers', '64694', 11, 'E063'),
(488, 'CS Computers', '76452', 22, 'E063'),
(489, 'CS Computers', '142730', 33, 'E063'),
(490, 'ME Mechanical', '180817', 11, 'E063'),
(491, 'ME Mechanical', '--', 22, 'E063'),
(492, 'ME Mechanical', '--', 33, 'E063'),
(493, 'CE Civil', '202287', 11, 'E064'),
(494, 'CE Civil', '--', 22, 'E064'),
(495, 'CE Civil', '--', 33, 'E064'),
(496, 'IE Info.Science', '40444', 11, 'E064'),
(497, 'IE Info.Science', '52079', 22, 'E064'),
(498, 'IE Info.Science', '148848', 33, 'E064'),
(499, 'EC Electronics', '55871', 11, 'E064'),
(500, 'EC Electronics', '67443', 22, 'E064'),
(512, 'CE Civil', '--', 22, 'E065'),
(513, 'CE Civil', '--', 33, 'E065'),
(514, 'IE Info.Science', '32997', 11, 'E065'),
(515, 'IE Info.Science', '40516', 22, 'E065'),
(516, 'IE Info.Science', '119944', 33, 'E065'),
(517, 'EC Electronics', '43253', 11, 'E065'),
(518, 'EC Electronics', '64729', 22, 'E065'),
(519, 'EC Electronics', '166884', 33, 'E065'),
(520, 'CS Computers', '30496', 11, 'E065'),
(521, 'CS Computers', '31244', 22, 'E065'),
(522, 'CS Computers', '78348', 33, 'E065'),
(523, 'ME Mechanical', '202659', 11, 'E065'),
(524, 'ME Mechanical', '--', 22, 'E065'),
(525, 'ME Mechanical', '--', 33, 'E065'),
(526, 'EE Electrical', '71262', 11, 'E065'),
(527, 'EE Electrical', '107773', 22, 'E065'),
(528, 'EE Electrical', '175987', 33, 'E065'),
(529, 'CE Civil', '190609', 11, 'E070'),
(530, 'CE Civil', '--', 22, 'E070'),
(531, 'E Civil', '--', 33, 'E070'),
(532, 'IE Info.Science', '78080', 11, 'E070'),
(533, 'IE Info.Science', '116021', 22, 'E070'),
(534, 'IE Info.Science', '194191', 33, 'E070'),
(535, 'EC Electronics', '78392', 11, 'E070'),
(536, 'EC Electronics', '99417', 22, 'E070'),
(537, 'EC Electronics', '162776', 33, 'E070'),
(538, 'CS Computers', '63905', 11, 'E070'),
(539, 'CS Computers', '69317', 22, 'E070'),
(540, 'CS Computers', '100179', 33, 'E070'),
(541, 'ME Mechanical', '187132', 11, 'E070'),
(542, 'ME Mechanical', '--', 22, 'E070'),
(543, 'ME Mechanical', '--', 33, 'E070'),
(1001, 'EE Electrical', '85738', 22, 'E149'),
(1002, 'EE Electrical', '190508', 33, 'E149'),
(1003, 'EC Electronics', '50535', 11, 'E151'),
(1004, 'EC Electronics', '55567', 22, 'E151'),
(1005, 'EC Electronics', '184834', 33, 'E151'),
(1006, 'CS Computers', '24915', 11, 'E151'),
(1007, 'CS Computers', '33122', 22, 'E151'),
(1008, 'CS Computers', '116090', 33, 'E151'),
(1009, 'ME Mechanical', '196869', 11, 'E151'),
(1010, 'ME Mechanical', '--', 22, 'E151'),
(1011, 'ME Mechanical', '--', 33, 'E151'),
(1012, 'IE Info.Science', '31308', 11, 'E151'),
(1013, 'IE Info.Science', '33880', 22, 'E151'),
(1014, 'IE Info.Science', '175228', 33, 'E151'),
(1015, 'CE Civil', '198906', 11, 'E150'),
(1016, 'CE Civil', '--', 22, 'E150'),
(1017, 'CE Civil', '--', 33, 'E150'),
(1018, 'EC Electronics', '55091', 11, 'E150'),
(1019, 'EC Electronics', '62754', 22, 'E150'),
(1020, 'EC Electronics', '176608', 33, 'E150'),
(1021, 'CS Computers', '31283', 11, 'E150'),
(1022, 'CS Computers', '38641', 22, 'E150'),
(1023, 'CS Computers', '96983', 33, 'E150'),
(1024, 'ME Mechanical', '199811', 11, 'E150'),
(1025, 'ME Mechanical', '--', 22, 'E150'),
(1026, 'ME Mechanical', '--', 33, 'E150'),
(1027, 'IE Info.Science', '43199', 11, 'E150'),
(1028, 'IE Info.Science', '41353', 22, 'E150'),
(1029, 'IE Info.Science', '120026', 33, 'E150'),
(1030, 'EE Electrical', '104362', 11, 'E150'),
(1031, 'EE Electrical', '115453', 22, 'E150'),
(1032, 'EE Electrical', '201738', 33, 'E150'),
(1033, 'CE Civil', '184153', 11, 'E152'),
(1034, 'CE Civil', '--', 22, 'E152'),
(1035, 'CE Civil', '--', 33, 'E152'),
(1036, 'EC Electronics', '74142', 11, 'E152'),
(1037, 'EC Electronics', '76601', 22, 'E152'),
(1038, 'EC Electronics', '193576', 33, 'E149'),
(1039, 'CS Computers', '36162', 11, 'E152'),
(1040, 'CS Computers', '44058', 22, 'E152'),
(1041, 'CS Computers', '113920', 33, 'E152'),
(1042, 'IE Info.Science', '44907', 11, 'E152'),
(1043, 'IE Info.Science', '59049', 22, 'E152'),
(1044, 'IE Info.Science', '182323', 33, 'E152'),
(1045, 'EE Electrical', '89465', 11, 'E150'),
(1046, 'EE Electrical', '163239', 22, 'E150'),
(1047, 'EE Electrical', '197159', 33, 'E150'),
(1048, 'CE Civil', '202444', 11, 'E158'),
(1049, 'CE Civil', '--', 22, 'E158'),
(1050, 'CE Civil', '--', 33, 'E158'),
(1051, 'EC Electronics', '40248', 11, 'E158'),
(1052, 'EC Electronics', '50709', 22, 'E158'),
(1053, 'EC Electronics', '146236', 33, 'E158'),
(1054, 'CS Computers', '37562', 11, 'E158'),
(1055, 'CS Computers', '38898', 22, 'E158'),
(1056, 'CS Computers', '68976', 33, 'E158'),
(1057, 'ME Mechanical', '163389', 11, 'E158'),
(1058, 'ME Mechanical', '167264', 22, 'E158'),
(1059, 'ME Mechanical', '201152', 33, 'E158'),
(1060, 'EE Electrical', '126844', 11, 'E158'),
(1061, 'EE Electrical', '139265', 22, 'E158'),
(1062, 'EE Electrical', '198711', 33, 'E158'),
(1063, 'IE Info.Science', '32213', 11, 'E158'),
(1064, 'IE Info.Science', '37236', 22, 'E158'),
(1065, 'IE Info.Science', '154613', 33, 'E158'),
(1066, 'CE Civil', '--', 11, 'E161'),
(1067, 'CE Civil', '--', 22, 'E161'),
(1068, 'CE Civil', '--', 33, 'E161'),
(1069, 'EC Electronics', '76606', 11, 'E161'),
(1070, 'EC Electronics', '99432', 22, 'E161'),
(1071, 'EC Electronics', '129957', 33, 'E161'),
(1072, 'CS Computers', '53999', 11, 'E161'),
(1073, 'CS Computers', '61659', 22, 'E161'),
(1074, 'CS Computers', '88353', 33, 'E161'),
(1075, 'ME Mechanical', '194440', 11, 'E161'),
(1076, 'ME Mechanical', '--', 22, 'E161'),
(1077, 'ME Mechanical', '--', 33, 'E161'),
(1078, 'EC Electronics', '80540', 11, 'E164'),
(1079, 'EC Electronics', '86382', 22, 'E164'),
(1080, 'EC Electronics', '131574', 33, 'E164'),
(1081, 'CS Computers', '55552', 11, 'E164'),
(1082, 'CS Computers', '63450', 22, 'E164'),
(1083, 'CS Computers', '79990', 33, 'E164'),
(1084, 'ME Mechanical', '201246', 11, 'E164'),
(1085, 'ME Mechanical', '--', 22, 'E164'),
(1086, 'ME Mechanical', '--', 33, 'E164'),
(1087, 'CE Civil', '--', 11, 'E164'),
(1088, 'CE Civil', '--', 22, 'E164'),
(1089, 'CE Civil', '--', 33, 'E164'),
(1090, 'EC Electronics', '76861', 11, 'E162'),
(1091, 'EC Electronics', '89858', 22, 'E162'),
(1092, 'EC Electronics', '142965', 33, 'E162'),
(1093, 'CS Computers', '44458', 11, 'E162'),
(1094, 'CS Computers', '54129', 22, 'E162'),
(1095, 'CS Computers', '76932', 33, 'E162'),
(1096, 'ME Mechanical', '201246', 11, 'E162'),
(1097, 'ME Mechanical', '--', 22, 'E162'),
(1098, 'ME Mechanical', '--', 33, 'E162'),
(1099, 'CE Civil', '--', 11, 'E162'),
(1100, 'CE Civil', '--', 22, 'E162'),
(1101, 'CE Civil', '--', 33, 'E162'),
(1102, 'EC Electronics', '70743', 11, 'E163'),
(1103, 'EC Electronics', '81136', 22, 'E163'),
(1104, 'EC Electronics', '163545 -', 33, 'E163'),
(1105, 'CS Computers', '52535', 11, 'E163'),
(1106, 'CS Computers', '58235', 22, 'E163'),
(1107, 'CS Computers', '84017', 33, 'E163'),
(1108, 'ME Mechanical', '201246', 11, 'E163'),
(1109, 'ME Mechanical', '--', 22, 'E163'),
(1110, 'ME Mechanical', '--', 33, 'E163'),
(1111, 'CE Civil', '--', 11, 'E163'),
(1112, 'CE Civil', '--', 22, 'E163'),
(1113, 'CE Civil', '--', 33, 'E163'),
(1114, 'CE Civil', '202444', 11, 'E166'),
(1115, 'CE Civil', '--', 22, 'E166'),
(1116, 'CE Civil', '--', 33, 'E166'),
(1117, 'EC Electronics', '29546', 11, 'E166'),
(1118, 'EC Electronics', '42440', 22, 'E166'),
(1119, 'EC Electronics', '97690', 33, 'E166'),
(1120, 'CS Computers', '20871', 11, 'E166'),
(1121, 'CS Computers', '23745', 22, 'E166'),
(1122, 'CS Computers', '74886', 33, 'E166'),
(1123, 'ME Mechanical', '163389', 11, 'E166'),
(1124, 'ME Mechanical', '167264', 22, 'E166'),
(1125, 'ME Mechanical', '201152', 33, 'E166'),
(1126, 'EE Electrical', '54831', 11, 'E166'),
(1127, 'EE Electrical', '83230', 22, 'E166'),
(1128, 'EE Electrical', '179425', 33, 'E166'),
(1129, 'CE Civil', '198176', 11, 'E167'),
(1130, 'CE Civil', '--', 22, 'E167'),
(1131, 'CE Civil', '--', 33, 'E167'),
(1132, 'EC Electronics', '43949', 11, 'E167'),
(1133, 'EC Electronics', '69245', 22, 'E167'),
(1134, 'EC Electronics', '128481', 33, 'E161'),
(1135, 'CS Computers', '33070', 11, 'E167'),
(1136, 'CS Computers', '43493', 22, 'E167'),
(1137, 'CS Computers', '85974', 33, 'E167'),
(1138, 'ME Mechanical', '195618', 11, 'E167'),
(1139, 'ME Mechanical', '--', 22, 'E167'),
(1140, 'ME Mechanical', '--', 33, 'E167'),
(1141, 'EC Electronics', '88756', 11, 'E168'),
(1142, 'EC Electronics', '89292', 22, 'E168'),
(1143, 'EC Electronics', '167430', 33, 'E168'),
(1144, 'CS Computers', '65501', 11, 'E168'),
(1145, 'CS Computers', '77540', 22, 'E168'),
(1146, 'CS Computers', '152820', 33, 'E168'),
(1147, 'ME Mechanical', '201246', 11, 'E168'),
(1148, 'ME Mechanical', '--', 22, 'E168'),
(1149, 'ME Mechanical', '--', 33, 'E168'),
(1150, 'CE Civil', '203256', 11, 'E168'),
(1151, 'CE Civil', '--', 22, 'E168'),
(1152, 'CE Civil', '--', 33, 'E168'),
(1153, 'IE Info.Science', '85681', 11, 'E168'),
(1154, 'IE Info.Science', '96349', 22, 'E168'),
(1155, 'IE Info.Science', '199236', 33, 'E168'),
(1156, 'CE Civil', '180616', 11, 'E177'),
(1157, 'CE Civil', '--', 22, 'E177'),
(1158, 'CE Civil', '--', 33, 'E177'),
(1159, 'EC Electronics', '79730', 11, 'E177'),
(1160, 'EC Electronics', '80901', 22, 'E177'),
(1161, 'EC Electronics', '180907', 33, 'E177'),
(1162, 'CS Computers', '52338', 11, 'E177'),
(1163, 'CS Computers', '57603', 22, 'E177'),
(1164, 'CS Computers', '110857', 33, 'E177'),
(1165, 'ME Mechanical', '147517', 11, 'E177'),
(1166, 'ME Mechanical', '--', 22, 'E177'),
(1167, 'ME Mechanical', '--', 33, 'E177'),
(1168, 'EE Electrical', '102084', 11, 'E177'),
(1169, 'EE Electrical', '134968', 22, 'E177'),
(1170, 'EE Electrical', '193262', 33, 'E177'),
(1171, 'IE Info.Science', '59769', 11, 'E177'),
(1172, 'IE Info.Science', '66513', 22, 'E177'),
(1173, 'IE Info.Science', '147517', 33, 'E177'),
(1174, 'CE Civil', '202896', 11, 'E205'),
(1175, 'CE Civil', '--', 22, 'E205'),
(1176, 'CE Civil', '--', 33, 'E205'),
(1177, 'EC Electronics', '57353', 11, 'E205'),
(1178, 'EC Electronics', '78186', 22, 'E205'),
(1179, 'EC Electronics', '160629', 33, 'E205'),
(1180, 'CS Computers', '38431', 11, 'E205'),
(1181, 'CS Computers', '44885', 22, 'E205'),
(1182, 'CS Computers', '89337', 33, 'E205'),
(1183, 'ME Mechanical', '197976', 11, 'E205'),
(1184, 'ME Mechanical', '--', 22, 'E205'),
(1185, 'ME Mechanical', '--', 33, 'E205'),
(1186, 'EE Electrical', '77767', 11, 'E205'),
(1187, 'EE Electrical', '98660', 22, 'E205'),
(1188, 'EE Electrical', '144950', 33, 'E205'),
(1189, 'CE Civil', '200895', 11, 'E210'),
(1190, 'CE Civil', '--', 22, 'E210'),
(1191, 'CE Civil', '--', 33, 'E210'),
(1192, 'EC Electronics', '84446', 11, 'E210'),
(1193, 'EC Electronics', '88003', 22, 'E210'),
(1194, 'EC Electronics', '161174', 33, 'E210'),
(1195, 'CS Computers', '70069', 11, 'E210'),
(1196, 'CS Computers', '85701', 22, 'E210'),
(1197, 'CS Computers', '107004', 33, 'E210'),
(1198, 'ME Mechanical', '202614', 11, 'E210'),
(1199, 'ME Mechanical', '--', 22, 'E210'),
(1200, 'ME Mechanical', '--', 33, 'E210'),
(1201, 'EE Electrical', '132195', 11, 'E210'),
(1202, 'EE Electrical', '127908', 22, 'E210'),
(1203, 'EE Electrical', '146182', 33, 'E210'),
(1204, 'CE Civil', '121768', 11, 'E212'),
(1205, 'CE Civil', '--', 22, 'E212'),
(1206, 'CE Civil', '--', 33, 'E212'),
(1207, 'EC Electronics', '27758', 11, 'E212'),
(1208, 'EC Electronics', '38989', 22, 'E212'),
(1209, 'EC Electronics', '140109', 33, 'E212'),
(1210, 'CS Computers', '15828', 11, 'E212'),
(1211, 'CS Computers', '19887', 22, 'E212'),
(1212, 'CS Computers', '55943', 33, 'E212'),
(1213, 'ME Mechanical', '121595', 11, 'E212'),
(1214, 'ME Mechanical', '168767', 22, 'E212'),
(1215, 'ME Mechanical', '170160', 33, 'E212'),
(1216, 'IE Info.Science', '18978', 11, 'E212'),
(1217, 'IE Info.Science', '29851', 22, 'E212'),
(1218, 'IE Info.Science', '91353', 33, 'E212'),
(1219, 'EE Electrical', '55688', 11, 'E212'),
(1220, 'EE Electrical', '76898', 22, 'E212'),
(1221, 'EE Electrical', '147321', 33, 'E212'),
(1222, 'CE Civil', '202254', 11, 'E216'),
(1223, 'CE Civil', '--', 22, 'E216'),
(1224, 'CE Civil', '--', 33, 'E216'),
(1225, 'CS Computers', '61927', 11, 'E216'),
(1226, 'CS Computers', '65946', 22, 'E216'),
(1227, 'CS Computers', '59057', 33, 'E216'),
(1228, 'EE Electrical', '119355', 11, 'E216'),
(1229, 'EE Electrical', '190015', 22, 'E216'),
(1230, 'EE Electrical', '195084', 33, 'E216'),
(1231, 'CE Civil', '200450', 11, 'E238'),
(1232, 'CE Civil', '--', 22, 'E238'),
(1233, 'CE Civil', '--', 33, 'E238'),
(1234, 'EC Electronics', '77132', 11, 'E238'),
(1235, 'EC Electronics', '154703', 22, 'E238'),
(1236, 'EC Electronics', '146155', 33, 'E238'),
(1237, 'CS Computers', '67532', 11, 'E238'),
(1238, 'CS Computers', '77536', 22, 'E238'),
(1239, 'CS Computers', '125542', 33, 'E238'),
(1240, 'ME Mechanical', '172115', 11, 'E238'),
(1241, 'ME Mechanical', '--', 22, 'E238'),
(1242, 'ME Mechanical', '--', 33, 'E238'),
(1243, 'IE Info.Science', '76901', 11, 'E238'),
(1244, 'IE Info.Science', '82822', 22, 'E238'),
(1245, 'IE Info.Science', '149385', 33, 'E238'),
(1246, 'EC Electronics', '60535', 11, 'E239'),
(1247, 'EC Electronics', '80752', 22, 'E239'),
(1248, 'EC Electronics', '175456', 33, 'E239'),
(1249, 'CS Computers', '45069', 11, 'E239'),
(1250, 'CS Computers', '50566', 22, 'E239'),
(1251, 'CS Computers', '112149', 33, 'E239'),
(1252, 'ME Mechanical', '199950', 11, 'E239'),
(1253, 'ME Mechanical', '--', 22, 'E239'),
(1254, 'ME Mechanical', '--', 33, 'E239'),
(1255, 'CE Civil', '200450', 11, 'E258'),
(1256, 'CE Civil', '164885', 22, 'E258'),
(1257, 'CE Civil', '180572', 33, 'E258'),
(1258, 'EC Electronics', '51220', 11, 'E258'),
(1259, 'EC Electronics', '62888', 22, 'E258'),
(1260, 'EC Electronics', '115872', 33, 'E258'),
(1261, 'CS Computers', '38475', 11, 'E258'),
(1262, 'CS Computers', '41006', 22, 'E258'),
(1263, 'CS Computers', '90268', 33, 'E258'),
(1264, 'ME Mechanical', '113302', 11, 'E258'),
(1265, 'ME Mechanical', '188012', 22, 'E258'),
(1266, 'ME Mechanical', '--', 33, 'E258'),
(1267, 'CE Civil', '202341', 11, 'E272'),
(1268, 'CE Civil', '--', 22, 'E272'),
(1269, 'CE Civil', '--', 33, 'E272'),
(1270, 'EC Electronics', '51220', 11, 'E272'),
(1271, 'EC Electronics', '89152', 22, 'E272'),
(1272, 'EC Electronics', '151138', 33, 'E272'),
(1273, 'CS Computers', '49174', 11, 'E272'),
(1274, 'CS Computers', '59319', 22, 'E272'),
(1275, 'CS Computers', '78213', 33, 'E272'),
(1276, 'ME Mechanical', '203246', 11, 'E272'),
(1277, 'ME Mechanical', '--', 22, 'E272'),
(1278, 'ME Mechanical', '--', 33, 'E272'),
(1279, 'CE Civil', '200259', 11, 'E273'),
(1280, 'CE Civil', '--', 22, 'E273'),
(1281, 'CE Civil', '--', 33, 'E273'),
(1282, 'EC Electronics', '87943', 11, 'E273'),
(1283, 'EC Electronics', '90777', 22, 'E273'),
(1284, 'EC Electronics', '154092', 33, 'E273'),
(1285, 'CS Computers', '87943', 11, 'E273'),
(1286, 'CS Computers', '66477', 22, 'E273'),
(1287, 'CS Computers', '154092', 33, 'E273'),
(1288, 'ME Mechanical', '182456', 11, 'E273'),
(1289, 'ME Mechanical', '--', 22, 'E273'),
(1290, 'ME Mechanical', '--', 33, 'E273'),
(1291, 'EE Electrical', '107782', 11, 'E273'),
(1292, 'EE Electrical', '140653', 22, 'E273'),
(1293, 'EE Electrical', '196956', 33, 'E273'),
(1294, 'CE Civil', '77705', 11, 'E003'),
(1295, 'CE Civil', '66687', 22, 'E003'),
(1296, 'CE Civil', '79398', 33, 'E003'),
(1297, 'EC Electronics', '6227', 11, 'E003'),
(1298, 'EC Electronics', '11124', 22, 'E003'),
(1299, 'EC Electronics', '47314', 33, 'E003'),
(1300, 'CS Computers', '64260', 11, 'E003'),
(1301, 'CS Computers', '202246', 22, 'E003'),
(1302, 'CS Computers', '84735', 33, 'E003'),
(1303, 'ME Mechanical', '74434', 11, 'E003'),
(1304, 'ME Mechanical', '42559', 22, 'E003'),
(1305, 'ME Mechanical', '117491', 33, 'E003'),
(1306, 'EE Electrical', '17602', 11, 'E003'),
(1307, 'EE Electrical', '25274', 22, 'E003'),
(1308, 'EE Electrical', '109321', 33, 'E003'),
(1309, 'CE Civil', '114433', 11, 'E004'),
(1310, 'CE Civil', '119839', 22, 'E004'),
(1311, 'CE Civil', '168062', 33, 'E004'),
(1312, 'EC Electronics', '20888', 11, 'E004'),
(1313, 'EC Electronics', '25478', 22, 'E004'),
(1314, 'EC Electronics', '79396', 33, 'E004'),
(1315, 'CS Computers', '7672', 11, 'E004'),
(1316, 'CS Computers', '9790', 22, 'E004'),
(1317, 'CS Computers', '26488', 33, 'E004'),
(1318, 'ME Mechanical', '93323', 11, 'E004'),
(1319, 'ME Mechanical', '--', 22, 'E004'),
(1320, 'ME Mechanical', '--', 33, 'E004'),
(1321, 'EE Electrical', '42626', 11, 'E004'),
(1322, 'EE Electrical', '43120', 22, 'E004'),
(1323, 'EE Electrical', '102416', 33, 'E004'),
(1324, 'ME Mechanical', '16068', 11, 'E005'),
(1325, 'ME Mechanical', '22958', 22, 'E005'),
(1326, 'ME Mechanical', '72298', 33, 'E005'),
(1327, 'IE Info.Science', '944', 11, 'E005'),
(1328, 'IE Info.Science', '1628', 22, 'E005'),
(1329, 'IE Info.Science', '17565', 33, 'E005'),
(1330, 'ME Mechanical', '85313', 11, 'E006'),
(1331, 'ME Mechanical', '93829', 22, 'E006'),
(1332, 'ME Mechanical', '193520', 33, 'E006'),
(1333, 'IE Info.Science', '4207', 11, 'E006'),
(1334, 'IE Info.Science', '6704', 22, 'E006'),
(1335, 'IE Info.Science', '29187', 33, 'E006'),
(1336, 'ME Mechanical', '16068', 11, 'E007'),
(1337, 'ME Mechanical', '22958', 22, 'E007'),
(1338, 'ME Mechanical', '72298', 33, 'E007'),
(1339, 'IE Info.Science', '7585', 11, 'E007'),
(1340, 'IE Info.Science', '8972', 22, 'E007'),
(1341, 'IE Info.Science', '35644', 33, 'E007'),
(1342, 'ME Mechanical', '94098', 11, 'E008'),
(1343, 'ME Mechanical', '106354', 22, 'E008'),
(1344, 'ME Mechanical', '--', 33, 'E008'),
(1345, 'IE Info.Science', '8380', 11, 'E008'),
(1346, 'IE Info.Science', '10669', 22, 'E008'),
(1347, 'IE Info.Science', '57533', 33, 'E008'),
(1348, 'ME Mechanical', '198100', 11, 'E011'),
(1349, 'ME Mechanical', '120983', 22, 'E011'),
(1350, 'ME Mechanical', '--', 33, 'E011'),
(1351, 'IE Info.Science', '23501', 11, 'E011'),
(1352, 'IE Info.Science', '33812', 22, 'E011'),
(1353, 'IE Info.Science', '82393', 33, 'E011'),
(1354, 'ME Mechanical', '94098', 11, 'E012'),
(1355, 'ME Mechanical', '114947', 22, 'E012'),
(1356, 'ME Mechanical', '--', 33, 'E012'),
(1357, 'IE Info.Science', '17781', 11, 'E012'),
(1358, 'IE Info.Science', '18539', 22, 'E012'),
(1359, 'IE Info.Science', '75469', 33, 'E012'),
(1360, 'ME Mechanical', '200363', 11, 'E013'),
(1361, 'ME Mechanical', '--', 22, 'E013'),
(1362, 'ME Mechanical', '--', 33, 'E013'),
(1363, 'IE Info.Science', '78850', 11, 'E013'),
(1364, 'IE Info.Science', '79528', 22, 'E013'),
(1365, 'IE Info.Science', '200913', 33, 'E013'),
(1366, 'ME Mechanical', '201299', 11, 'E014'),
(1367, 'ME Mechanical', '--', 22, 'E014'),
(1368, 'ME Mechanical', '--', 33, 'E014'),
(1369, 'IE Info.Science', '46256', 11, 'E014'),
(1370, 'IE Info.Science', '41982', 22, 'E014'),
(1371, 'IE Info.Science', '147012', 33, 'E014'),
(1372, 'ME Mechanical', '173252', 11, 'E015'),
(1373, 'ME Mechanical', '174403', 22, 'E015'),
(1374, 'ME Mechanical', '190002', 33, 'E015'),
(1375, 'ME Mechanical', '98478', 11, 'E016'),
(1376, 'ME Mechanical', '153841', 22, 'E016'),
(1377, 'ME Mechanical', '184642', 33, 'E016'),
(1378, 'IE Info.Science', '10632', 11, 'E016'),
(1379, 'IE Info.Science', '13737', 22, 'E016'),
(1380, 'IE Info.Science', '73711', 33, 'E016'),
(1381, 'ME Mechanical', '180980', 11, 'E017'),
(1382, 'ME Mechanical', '202693', 22, 'E017'),
(1383, 'ME Mechanical', '--', 33, 'E017'),
(1384, 'IE Info.Science', '45463', 11, 'E017'),
(1385, 'IE Info.Science', '40404', 22, 'E017'),
(1386, 'IE Info.Science', '112890', 33, 'E017'),
(1387, 'ME Mechanical', '203066', 11, 'E018'),
(1388, 'ME Mechanical', '--', 22, 'E018'),
(1389, 'ME Mechanical', '--', 33, 'E018'),
(1390, 'IE Info.Science', '61801', 11, 'E018'),
(1391, 'IE Info.Science', '71033', 22, 'E018'),
(1392, 'IE Info.Science', '192909', 33, 'E018'),
(1393, 'ME Mechanical', '--', 11, 'E033'),
(1394, 'ME Mechanical', '--', 22, 'E033'),
(1395, 'ME Mechanical', '--', 33, 'E033'),
(1396, 'IE Info.Science', '74560', 11, 'E033'),
(1397, 'IE Info.Science', '86814', 22, 'E033'),
(1398, 'IE Info.Science', '132835', 33, 'E033'),
(1399, 'ME Mechanical', '132241', 11, 'E034'),
(1400, 'ME Mechanical', '102241', 22, 'E034'),
(1401, 'ME Mechanical', '--', 33, 'E034'),
(1402, 'IE Info.Science', '14261', 11, 'E034'),
(1403, 'IE Info.Science', '15701', 22, 'E034'),
(1404, 'IE Info.Science', '58915', 33, 'E034'),
(1405, 'ME Mechanical', '122570', 11, 'E037'),
(1406, 'ME Mechanical', '102241', 22, 'E037'),
(1407, 'ME Mechanical', '--', 33, 'E037'),
(1408, 'IE Info.Science', '16654', 11, 'E037'),
(1409, 'IE Info.Science', '21253', 22, 'E037'),
(1410, 'IE Info.Science', '65241', 33, 'E037'),
(1411, 'ME Mechanical', '143985', 11, 'E038'),
(1412, 'ME Mechanical', '102241', 22, 'E038'),
(1413, 'ME Mechanical', '--', 33, 'E038'),
(1414, 'IE Info.Science', '40401', 11, 'E038'),
(1415, 'IE Info.Science', '46088', 22, 'E038'),
(1416, 'IE Info.Science', '113110', 33, 'E038'),
(1417, 'ME Mechanical', '143985', 11, 'E036'),
(1418, 'ME Mechanical', '102241', 22, 'E036'),
(1419, 'ME Mechanical', '--', 33, 'E036'),
(1420, 'ME Mechanical', '143985', 11, 'E035'),
(1421, 'ME Mechanical', '102241', 22, 'E035'),
(1422, 'ME Mechanical', '--', 33, 'E035'),
(1423, 'ME Mechanical', '143985', 11, 'E021'),
(1424, 'ME Mechanical', '102241', 22, 'E021'),
(1425, 'ME Mechanical', '--', 33, 'E021'),
(1426, 'ME Mechanical', '143985', 11, 'E022'),
(1427, 'ME Mechanical', '102241', 22, 'E022'),
(1428, 'ME Mechanical', '--', 33, 'E022'),
(1429, 'ME Mechanical', '143985', 11, 'E023'),
(1430, 'ME Mechanical', '102241', 22, 'E023'),
(1431, 'ME Mechanical', '--', 33, 'E023'),
(1432, 'ME Mechanical', '143985', 11, 'E024'),
(1433, 'ME Mechanical', '102241', 22, 'E024'),
(1434, 'ME Mechanical', '--', 33, 'E024'),
(1435, 'ME Mechanical', '143985', 11, 'E028'),
(1436, 'ME Mechanical', '102241', 22, 'E028'),
(1437, 'ME Mechanical', '--', 33, 'E028'),
(1438, 'ME Mechanical', '143985', 11, 'E029'),
(1439, 'ME Mechanical', '102241', 22, 'E029'),
(1440, 'ME Mechanical', '--', 33, 'E029'),
(1441, 'ME Mechanical', '143985', 11, 'E031'),
(1442, 'ME Mechanical', '102241', 22, 'E031'),
(1443, 'ME Mechanical', '--', 33, 'E031'),
(1444, 'CE Civil', '111393', 11, 'E071'),
(1445, 'CE Civil', '150343', 22, 'E071'),
(1446, 'CE Civil', '187346', 33, 'E071'),
(1447, 'IE Info.Science', '22438', 11, 'E071'),
(1448, 'IE Info.Science', '29422', 22, 'E071'),
(1449, 'IE Info.Science', '76560', 33, 'E071'),
(1450, 'EC Electronics', '25558', 11, 'E071'),
(1451, 'EC Electronics', '35345', 22, 'E071'),
(1452, 'EC Electronics', '86355', 33, 'E071'),
(1453, 'CS Computers', '13337', 11, 'E071'),
(1454, 'CS Computers', '35176', 22, 'E071'),
(1455, 'CS Computers', '69852', 33, 'E071'),
(1456, 'ME Mechanical', '117807', 11, 'E071'),
(1457, 'ME Mechanical', '120530', 22, 'E071'),
(1458, 'ME Mechanical', '--', 33, 'E071'),
(1459, 'CE Civil', '111393', 11, 'E077'),
(1460, 'CE Civil', '150343', 22, 'E077'),
(1461, 'CE Civil', '187346', 33, 'E077'),
(1462, 'IE Info.Science', '22438', 11, 'E077'),
(1463, 'IE Info.Science', '29422', 22, 'E077'),
(1464, 'IE Info.Science', '76560', 33, 'E077'),
(1465, 'EC Electronics', '25558', 11, 'E077'),
(1466, 'EC Electronics', '35345', 22, 'E077'),
(1467, 'EC Electronics', '86355', 33, 'E077'),
(1468, 'CS Computers', '13337', 11, 'E077'),
(1469, 'CS Computers', '35176', 22, 'E077'),
(1470, 'CS Computers', '69852', 33, 'E077'),
(1471, 'ME Mechanical', '117807', 11, 'E077'),
(1472, 'ME Mechanical', '120530', 22, 'E077'),
(1473, 'ME Mechanical', '--', 33, 'E077'),
(1474, 'IE Info.Science', '21092', 11, 'E133'),
(1475, 'IE Info.Science', '24729', 22, 'E133'),
(1476, 'IE Info.Science', '80354', 33, 'E133'),
(1477, 'EC Electronics', '31254', 11, 'E133'),
(1478, 'EC Electronics', '49974', 22, 'E133'),
(1479, 'EC Electronics', '96505', 33, 'E133'),
(1480, 'CS Computers', '23220', 11, 'E133'),
(1481, 'CS Computers', '23648', 22, 'E133'),
(1482, 'CS Computers', '69852', 33, 'E133'),
(1483, 'EE Electrical', '72291', 11, 'E133'),
(1484, 'EE Electrical', '67081', 22, 'E133'),
(1485, 'EE Electrical', '159785 ', 33, 'E133'),
(1486, 'CE Civil', '194234', 11, 'E175'),
(1487, 'CE Civil', '--', 22, 'E175'),
(1488, 'CE Civil', '--', 33, 'E175'),
(1489, 'ME Mechanical', '183388', 11, 'E175'),
(1490, 'ME Mechanical', '--', 22, 'E175'),
(1491, 'ME Mechanical', '--', 33, 'E175'),
(1492, 'EC Electronics', '53612', 11, 'E175'),
(1493, 'EC Electronics', '60714', 22, 'E175'),
(1494, 'EC Electronics', '189701', 33, 'E175'),
(1495, 'CS Computers', '38417', 11, 'E175'),
(1496, 'CS Computers', '47457', 22, 'E175'),
(1497, 'CS Computers', '140956', 33, 'E175'),
(1498, 'EE Electrical', '142111', 11, 'E175'),
(1499, 'EE Electrical', '93956', 22, 'E175'),
(1500, 'EE Electrical', '199733 ', 33, 'E175'),
(1501, 'CE Civil', '194234', 11, 'E075'),
(1502, 'CE Civil', '--', 22, 'E075'),
(1503, 'CE Civil', '--', 33, 'E075'),
(1504, 'IE Info.Science', '21092', 11, 'E075'),
(1505, 'IE Info.Science', '24729', 22, 'E075'),
(1506, 'IE Info.Science', '80354', 33, 'E075'),
(1507, 'EC Electronics', '49982', 11, 'E075'),
(1508, 'EC Electronics', '84822', 22, 'E075'),
(1509, 'EC Electronics', '134270', 33, 'E075'),
(1510, 'CS Computers', '23220', 11, 'E075'),
(1511, 'CS Computers', '23648', 22, 'E075'),
(1512, 'CS Computers', '69852', 33, 'E075'),
(1513, 'ME Mechanical', '183388', 11, 'E075'),
(1514, 'ME Mechanical', '202542', 22, 'E075'),
(1515, 'ME Mechanical', '--', 33, 'E075'),
(1516, 'EE Electrical', '87313', 11, 'E075'),
(1517, 'EE Electrical', '132279', 22, 'E075'),
(1518, 'EE Electrical', '-- ', 33, 'E075'),
(1519, 'CE Civil', '195092', 11, 'E132'),
(1520, 'CE Civil', '--', 22, 'E132'),
(1521, 'CE Civil', '--', 33, 'E132'),
(1522, 'ME Mechanical', '180342', 11, 'E132'),
(1523, 'ME Mechanical', '--', 22, 'E132'),
(1524, 'ME Mechanical', '--', 33, 'E132'),
(1525, 'EC Electronics', '77150', 11, 'E132'),
(1526, 'EC Electronics', '88780', 22, 'E132'),
(1527, 'EC Electronics', '14977', 33, 'E132'),
(1528, 'CS Computers', '67288', 11, 'E132'),
(1529, 'CS Computers', '67567', 22, 'E132'),
(1530, 'CS Computers', '149283', 33, 'E132'),
(1531, 'EE Electrical', '103914', 11, 'E132'),
(1532, 'EE Electrical', '105859', 22, 'E132'),
(1533, 'EE Electrical', '163326 ', 33, 'E132'),
(1534, 'CE Civil', '193245', 11, 'E213'),
(1535, 'CE Civil', '--', 22, 'E213'),
(1536, 'CE Civil', '--', 33, 'E213'),
(1537, 'EC Electronics', '103831', 11, 'E213'),
(1538, 'EC Electronics', '123679', 22, 'E213'),
(1539, 'EC Electronics', '104455', 33, 'E213'),
(1540, 'CS Computers', '73479', 11, 'E213'),
(1541, 'CS Computers', '88065', 22, 'E213'),
(1542, 'CS Computers', '119334', 33, 'E213'),
(1543, 'EE Electrical', '202933', 11, 'E213'),
(1544, 'EE Electrical', '--', 22, 'E213'),
(1545, 'EE Electrical', '-- ', 33, 'E213'),
(1546, 'ME Mechanical', '--', 11, 'E213'),
(1547, 'ME Mechanical', '--', 22, 'E213'),
(1548, 'ME Mechanical', '--', 33, 'E213'),
(1549, 'ME Mechanical', '172594', 11, 'E093'),
(1550, 'ME Mechanical', '--', 22, 'E093'),
(1551, 'ME Mechanical', '--', 33, 'E093'),
(1552, 'EC Electronics', '96660', 11, 'E093'),
(1553, 'EC Electronics', '100191', 22, 'E093'),
(1554, 'EC Electronics', '199190', 33, 'E093'),
(1555, 'CS Computers', '57399', 11, 'E093'),
(1556, 'CS Computers', '78776', 22, 'E093'),
(1557, 'CS Computers', '92171', 33, 'E093'),
(1558, 'CE Civil', '120478', 11, 'E093'),
(1559, 'CE Civil', '--', 22, 'E093'),
(1560, 'CE Civil', '--', 33, 'E093'),
(1561, 'CE Civil', '203140', 11, 'E134'),
(1562, 'CE Civil', '--', 22, 'E134'),
(1563, 'CE Civil', '--', 33, 'E134'),
(1564, 'IE Info.Science', '64700', 11, 'E134'),
(1565, 'IE Info.Science', '67736', 22, 'E134'),
(1566, 'IE Info.Science', '197069', 33, 'E134'),
(1567, 'EC Electronics', '65825', 11, 'E134'),
(1568, 'EC Electronics', '75149', 22, 'E134'),
(1569, 'EC Electronics', '117718', 33, 'E134'),
(1570, 'CS Computers', '46566', 11, 'E134'),
(1571, 'CS Computers', '66362', 22, 'E134'),
(1572, 'CS Computers', '146925', 33, 'E134'),
(1573, 'ME Mechanical', '199910', 11, 'E075'),
(1574, 'ME Mechanical', '--', 22, 'E134'),
(1575, 'ME Mechanical', '--', 33, 'E134'),
(1576, 'EE Electrical', '98075', 11, 'E134'),
(1577, 'EE Electrical', '129651', 22, 'E134'),
(1578, 'EE Electrical', '159536', 33, 'E134'),
(1597, 'CE Civil', '95068', 11, 'E022'),
(1598, 'CE Civil', '133883', 22, 'E022'),
(1599, 'CE Civil', '186059', 33, 'E022'),
(1600, 'ME Mechanical', '66363', 11, 'E022'),
(1601, 'ME Mechanical', '109307', 22, 'E022'),
(1602, 'ME Mechanical', '147303', 33, 'E022'),
(1603, 'EC Electronics', '12329', 11, 'E022'),
(1604, 'EC Electronics', '23151', 22, 'E022'),
(1605, 'EC Electronics', '42019', 33, 'E022'),
(1606, 'EE Electrical', '50155', 11, 'E022'),
(1607, 'EE Electrical', '65441', 22, 'E022'),
(1608, 'EE Electrical', '59197', 33, 'E022'),
(1609, 'CS Computers', '7527', 11, 'E178'),
(1610, 'CS Computers', '9264', 22, 'E178'),
(1611, 'CS Computers', '24650', 33, 'E178'),
(1612, 'IE Info.Science', '11835', 11, 'E178'),
(1613, 'IE Info.Science', '13964', 22, 'E178'),
(1614, 'IE Info.Science', '63442', 33, 'E178');

-- --------------------------------------------------------

--
-- Table structure for table `cousre_b`
--

CREATE TABLE `cousre_b` (
  `coname` char(50) NOT NULL,
  `precourseid` int(20) NOT NULL
) ENGINE=InnoDB DEFAULT CHARSET=utf8mb4 COLLATE=utf8mb4_general_ci;

--
-- Dumping data for table `cousre_b`
--

INSERT INTO `cousre_b` (`coname`, `precourseid`) VALUES
('CE Civil', 1),
('CS Computers', 2),
('EC Electronics', 3),
('EE Electrical', 4),
('IE Info.Science', 5),
('ME Mechanical', 6);

-- --------------------------------------------------------

--
-- Stand-in structure for view `regioncollegeview`
-- (See below for the actual view)
--
CREATE TABLE `regioncollegeview` (
`region` char(15)
,`colleges_in_region` mediumtext
);

-- --------------------------------------------------------

--
-- Table structure for table `student`
--

CREATE TABLE `student` (
  `sid` int(10) NOT NULL,
  `rank` int(15) NOT NULL,
  `sname` char(30) NOT NULL,
  `catid` int(15) NOT NULL,
  `coname` char(50) NOT NULL,
  `preregion` char(30) NOT NULL
) ENGINE=InnoDB DEFAULT CHARSET=utf8mb4 COLLATE=utf8mb4_general_ci;

--
-- Dumping data for table `student`
--

INSERT INTO `student` (`sid`, `rank`, `sname`, `catid`, `coname`, `preregion`) VALUES
(3, 1, 'Ram', 11, 'CE Civil', 'BENGALURU'),
(4, 1, 'Ram', 11, 'CE Civil', 'BENGALURU'),
(5, 1, 'Ram', 11, 'CE Civil', 'BENGALURU'),
(6, 1, 'Ram', 11, 'CE Civil', 'BENGALURU'),
(7, 1, 'Ram', 11, 'CE Civil', 'BENGALURU'),
(8, 1, 'Ram', 11, 'CE Civil', 'BENGALURU'),
(11, 3, 'ram', 11, 'CE Civil', 'BENGALURU'),
(13, 12000, 'aish', 11, 'CS Computers', 'MYSURU'),
(14, 12000, 'aish', 11, 'CS Computers', 'MYSURU'),
(15, 12000, 'aish', 11, 'CS Computers', 'MYSURU'),
(16, 12000, 'aish', 11, 'CS Computers', 'MYSURU'),
(17, 12000, 'aish', 11, 'CS Computers', 'MYSURU'),
(18, 12000, 'aish', 11, 'CS Computers', 'MYSURU'),
(19, 1200, 'Ram', 22, 'CS Computers', 'MYSURU'),
(20, 1, 'shiva', 11, 'CS Computers', 'MYSURU'),
(21, 1, 'shiva', 11, 'CS Computers', 'MYSURU'),
(22, 1, 'shiva', 11, 'CS Computers', 'MYSURU'),
(23, 1, 'shiva', 11, 'CS Computers', 'MYSURU'),
(24, 1, 'shiva', 11, 'CS Computers', 'MYSURU'),
(25, 1, 'shiva', 11, 'CS Computers', 'MYSURU'),
(26, 2, 'Ram', 11, 'CS Computers', 'MYSURU'),
(27, 3, 'aish', 22, 'CS Computers', 'MYSURU'),
(33, 36, 'Ram', 11, 'CS Computers', 'BENGALURU'),
(35, 36, 'iii', 11, 'EE Electrical', 'BENGALURU'),
(36, 36, 'iii', 11, 'EE Electrical', 'BENGALURU'),
(37, 36, 'iii', 11, 'EE Electrical', 'BENGALURU'),
(38, 36, 'iii', 11, 'EE Electrical', 'BENGALURU'),
(39, 36, 'iii', 11, 'EE Electrical', 'BENGALURU'),
(40, 36, 'iii', 11, 'EE Electrical', 'BENGALURU'),
(42, 700, 'siva', 22, 'IE Info.Science', 'MYSURU'),
(43, 700, 'siva', 22, 'IE Info.Science', 'MYSURU'),
(44, 700, 'siva', 22, 'IE Info.Science', 'MYSURU'),
(45, 700, 'siva', 22, 'IE Info.Science', 'MYSURU'),
(46, 700, 'siva', 22, 'IE Info.Science', 'MYSURU'),
(47, 700, 'siva', 22, 'IE Info.Science', 'MYSURU');

--
-- Triggers `student`
--
DELIMITER $$
CREATE TRIGGER ` CheckFormSubmissions` BEFORE INSERT ON `student` FOR EACH ROW BEGIN
    IF (
        SELECT COUNT(*) FROM student s
        WHERE s.rank = NEW.rank
        AND s.sname = NEW.sname
    ) > 5 THEN
        SIGNAL SQLSTATE '45000'
        SET MESSAGE_TEXT = 'Maximum form submissions exceeded';
    END IF;
END
$$
DELIMITER ;

-- --------------------------------------------------------

--
-- Table structure for table `userdata`
--

CREATE TABLE `userdata` (
  `id` int(10) NOT NULL,
  `username` varchar(250) NOT NULL,
  `email` varchar(500) NOT NULL,
  `pswd` varchar(255) NOT NULL
) ENGINE=InnoDB DEFAULT CHARSET=latin1 COLLATE=latin1_swedish_ci;

--
-- Dumping data for table `userdata`
--

INSERT INTO `userdata` (`id`, `username`, `email`, `pswd`) VALUES
(18, 'parvathi', 'parvathi@gmail.com', '$2y$10$It/wQYur26M0nlFrCs5Lh.1ImCNl4WqXOMiD1OC6WKQOV7HG9VoRa'),
(19, 'shiva', 'shiva@gmail.com', '$2y$10$GHLlpBukAbQJLQzOHRm4e.d02uTEJa9vnv80VJxv2A3iXVP/gFbWm');

-- --------------------------------------------------------

--
-- Structure for view `regioncollegeview`
--
DROP TABLE IF EXISTS `regioncollegeview`;

CREATE ALGORITHM=UNDEFINED DEFINER=`root`@`localhost` SQL SECURITY DEFINER VIEW `regioncollegeview`  AS SELECT `college`.`region` AS `region`, group_concat(distinct `college`.`cloc` order by `college`.`cloc` ASC separator ',') AS `colleges_in_region` FROM `college` GROUP BY `college`.`region` ;

--
-- Indexes for dumped tables
--

--
-- Indexes for table `category`
--
ALTER TABLE `category`
  ADD PRIMARY KEY (`catid`) USING BTREE;

--
-- Indexes for table `college`
--
ALTER TABLE `college`
  ADD PRIMARY KEY (`cid`);

--
-- Indexes for table `course`
--
ALTER TABLE `course`
  ADD PRIMARY KEY (`XYZ`),
  ADD KEY `catid` (`catid`),
  ADD KEY `cid` (`cid`);

--
-- Indexes for table `cousre_b`
--
ALTER TABLE `cousre_b`
  ADD PRIMARY KEY (`coname`,`precourseid`);

--
-- Indexes for table `student`
--
ALTER TABLE `student`
  ADD PRIMARY KEY (`sid`),
  ADD KEY `catid` (`catid`),
  ADD KEY `coname` (`coname`);

--
-- Indexes for table `userdata`
--
ALTER TABLE `userdata`
  ADD PRIMARY KEY (`id`);

--
-- AUTO_INCREMENT for dumped tables
--

--
-- AUTO_INCREMENT for table `course`
--
ALTER TABLE `course`
  MODIFY `XYZ` int(11) NOT NULL AUTO_INCREMENT, AUTO_INCREMENT=1615;

--
-- AUTO_INCREMENT for table `student`
--
ALTER TABLE `student`
  MODIFY `sid` int(10) NOT NULL AUTO_INCREMENT, AUTO_INCREMENT=48;

--
-- AUTO_INCREMENT for table `userdata`
--
ALTER TABLE `userdata`
  MODIFY `id` int(10) NOT NULL AUTO_INCREMENT, AUTO_INCREMENT=20;

--
-- Constraints for dumped tables
--

--
-- Constraints for table `course`
--
ALTER TABLE `course`
  ADD CONSTRAINT `course_ibfk_2` FOREIGN KEY (`catid`) REFERENCES `category` (`catid`) ON DELETE CASCADE ON UPDATE CASCADE,
  ADD CONSTRAINT `course_ibfk_3` FOREIGN KEY (`cid`) REFERENCES `college` (`cid`) ON DELETE CASCADE ON UPDATE CASCADE;

--
-- Constraints for table `student`
--
ALTER TABLE `student`
  ADD CONSTRAINT `student_ibfk_1` FOREIGN KEY (`catid`) REFERENCES `category` (`catid`) ON DELETE CASCADE ON UPDATE CASCADE,
  ADD CONSTRAINT `student_ibfk_2` FOREIGN KEY (`coname`) REFERENCES `cousre_b` (`coname`);
COMMIT;

/*!40101 SET CHARACTER_SET_CLIENT=@OLD_CHARACTER_SET_CLIENT */;
/*!40101 SET CHARACTER_SET_RESULTS=@OLD_CHARACTER_SET_RESULTS */;
/*!40101 SET COLLATION_CONNECTION=@OLD_COLLATION_CONNECTION */;
